{
    "vertices":[1.36234,-1.36234,-1.36234,1.36234,-1.36234,1.36234,-1.36234,-1.36234,1.36234,-1.36234,-1.36234,-1.36234,1.36234,1.36234,-1.36234,1.36234,1.36234,1.36234,-1.36234,1.36234,1.36234,-1.36234,1.36234,-1.36234,1.29716,1.4,-1.29716,1.29716,1.4,1.29716,-1.29716,1.4,1.29716,-1.29716,1.4,-1.29716,1.4,-1.29716,-1.29716,1.4,-1.29716,1.29716,1.4,1.29716,-1.29716,1.4,1.29716,1.29716,1.29716,-1.29716,1.4,-1.29716,-1.29716,1.4,1.29716,1.29716,1.4,-1.29716,1.29716,1.4,-1.4,-1.29716,1.29716,-1.4,-1.29716,-1.29716,-1.4,1.29716,1.29716,-1.4,1.29716,-1.29716,1.29716,-1.29716,-1.4,-1.29716,-1.29716,-1.4,1.29716,1.29716,-1.4,-1.29716,1.29716,-1.4,1.29716,-1.4,-1.29716,1.29716,-1.4,1.29716,-1.29716,-1.4,1.29716,-1.29716,-1.4,-1.29716],
    "metadata":{
        "vertices":32,
        "version":3,
        "normals":30,
        "uvs":0,
        "faces":30,
        "generator":"io_three",
        "type":"Geometry",
        "materials":1
    },
    "normals":[-0.500189,-0,0.865916,-0.500218,-0,-0.865899,0.865916,0,-0.50019,-0,0.865917,-0.500188,-0.865917,-0,-0.500187,0,-0.865917,-0.500188,0,0,-1,-0,0.500217,-0.8659,0,-0.500219,-0.865899,0.500218,0,-0.865899,1,0,-0,0.865918,0.500187,-0,0.865915,-0.500192,0,0.865916,0,0.500189,-0,1,0,-0.500185,0.865918,-0,0.50019,0.865916,0,-0,0.865918,0.500187,-1,-0,0,-0.865917,-0.500188,0,-0.865916,0.500189,0,-0.865917,-0,0.500188,0,-1,-0,-0.500192,-0.865915,-0,0.500188,-0.865917,-0,0,-0.865915,0.500191,0,0,1,-0,0.500189,0.865916,0,-0.500187,0.865918,0.500189,0,0.865916],
    "uvs":[],
    "faces":[35,2,3,31,30,0,0,0,0,0,35,7,6,10,11,0,1,1,1,1,35,4,5,15,14,0,2,2,2,2,35,5,6,19,18,0,3,3,3,3,35,6,7,23,22,0,4,4,4,4,35,7,4,26,27,0,5,5,5,5,35,8,11,10,9,0,6,6,6,6,35,6,5,9,10,0,7,7,7,7,35,4,7,11,8,0,8,8,8,8,35,5,4,8,9,0,9,9,9,9,35,12,14,15,13,0,10,10,10,10,35,5,1,13,15,0,11,11,11,11,35,0,4,14,12,0,12,12,12,12,35,1,0,12,13,0,13,13,13,13,35,16,18,19,17,0,14,14,14,14,35,6,2,17,19,0,15,15,15,15,35,1,5,18,16,0,16,16,16,16,35,2,1,16,17,0,17,17,17,17,35,20,22,23,21,0,18,18,18,18,35,7,3,21,23,0,19,19,19,19,35,2,6,22,20,0,20,20,20,20,35,3,2,20,21,0,21,21,21,21,35,26,24,25,27,0,22,22,22,22,35,3,7,27,25,0,23,23,23,23,35,4,0,24,26,0,24,24,24,24,35,0,3,25,24,0,25,25,25,25,35,28,29,30,31,0,26,26,26,26,35,1,2,30,29,0,27,27,27,27,35,3,0,28,31,0,28,28,28,28,35,0,1,29,28,0,29,29,29,29],
    "name":"Cube.001Geometry",
    "materials":[{
        "DbgIndex":0,
        "colorEmissive":[0,0,0],
        "depthTest":true,
        "wireframe":false,
        "colorDiffuse":[0,0,0],
        "shading":"basic",
        "opacity":1,
        "DbgName":"Material",
        "blending":"NormalBlending",
        "depthWrite":true,
        "DbgColor":15658734,
        "visible":true,
        "transparent":false
    }]
}