{
    "uvs":[],
    "faces":[33,2,3,31,30,0,0,0,0,33,7,6,10,11,1,1,1,1,33,4,5,15,14,2,2,2,2,33,5,6,19,18,3,3,3,3,33,6,7,23,22,4,4,4,4,33,7,4,26,27,5,5,5,5,33,8,11,10,9,6,6,6,6,33,6,5,9,10,7,7,7,7,33,4,7,11,8,8,8,8,8,33,5,4,8,9,9,9,9,9,33,12,14,15,13,10,10,10,10,33,5,1,13,15,11,11,11,11,33,0,4,14,12,12,12,12,12,33,1,0,12,13,13,13,13,13,33,16,18,19,17,14,14,14,14,33,6,2,17,19,15,15,15,15,33,1,5,18,16,16,16,16,16,33,2,1,16,17,17,17,17,17,33,20,22,23,21,18,18,18,18,33,7,3,21,23,19,19,19,19,33,2,6,22,20,20,20,20,20,33,3,2,20,21,21,21,21,21,33,26,24,25,27,22,22,22,22,33,3,7,27,25,23,23,23,23,33,4,0,24,26,24,24,24,24,33,0,3,25,24,25,25,25,25,33,28,29,30,31,26,26,26,26,33,1,2,30,29,27,27,27,27,33,3,0,28,31,28,28,28,28,33,0,1,29,28,29,29,29,29],
    "normals":[-0.500189,-0,0.865916,-0.500218,-0,-0.865899,0.865916,0,-0.50019,-0,0.865917,-0.500188,-0.865917,-0,-0.500187,0,-0.865917,-0.500188,0,0,-1,-0,0.500217,-0.8659,0,-0.500219,-0.865899,0.500218,0,-0.865899,1,0,-0,0.865918,0.500187,-0,0.865915,-0.500192,0,0.865916,0,0.500189,-0,1,0,-0.500185,0.865918,-0,0.50019,0.865916,0,-0,0.865918,0.500187,-1,-0,0,-0.865917,-0.500188,0,-0.865916,0.500189,0,-0.865917,-0,0.500188,0,-1,-0,-0.500192,-0.865915,-0,0.500188,-0.865917,-0,0,-0.865915,0.500191,0,0,1,-0,0.500189,0.865916,0,-0.500187,0.865918,0.500189,0,0.865916],
    "vertices":[1.36234,-1.36234,-1.36234,1.36234,-1.36234,1.36234,-1.36234,-1.36234,1.36234,-1.36234,-1.36234,-1.36234,1.36234,1.36234,-1.36234,1.36234,1.36234,1.36234,-1.36234,1.36234,1.36234,-1.36234,1.36234,-1.36234,1.29716,1.4,-1.29716,1.29716,1.4,1.29716,-1.29716,1.4,1.29716,-1.29716,1.4,-1.29716,1.4,-1.29716,-1.29716,1.4,-1.29716,1.29716,1.4,1.29716,-1.29716,1.4,1.29716,1.29716,1.29716,-1.29716,1.4,-1.29716,-1.29716,1.4,1.29716,1.29716,1.4,-1.29716,1.29716,1.4,-1.4,-1.29716,1.29716,-1.4,-1.29716,-1.29716,-1.4,1.29716,1.29716,-1.4,1.29716,-1.29716,1.29716,-1.29716,-1.4,-1.29716,-1.29716,-1.4,1.29716,1.29716,-1.4,-1.29716,1.29716,-1.4,1.29716,-1.4,-1.29716,1.29716,-1.4,1.29716,-1.29716,-1.4,1.29716,-1.29716,-1.4,-1.29716],
    "name":"Cube.001Geometry",
    "metadata":{
        "uvs":0,
        "version":3,
        "generator":"io_three",
        "normals":30,
        "vertices":32,
        "type":"Geometry",
        "faces":30
    }
}